set SERVEROUTPUT ON FORMAT WRAPPED
set APPINFO ON
SET VERIFY OFF

SET FEEDBACK OFF
SET TERMOUT OFF

column date_column new_value today_var
column scriptname new_value thescriptname;
column sessionname new_value sessionname;
column dbname new_value dbname;
select 
	SUBSTR(sys_context('USERENV', 'MODULE'), instr(sys_context('USERENV', 'MODULE'), ' ') +1) || '_' || to_char(sysdate, 'yyyymmdd') date_column,
  	sys_context('USERENV', 'MODULE') scriptname,
	sys_context('USERENV','SESSION_USER') sessionname,
	sys_context('USERENV','DB_NAME') dbname
from dual;
  
SPOOL &today_var..log

SET VERIFY ON
SET FEEDBACK ON
SET TERMOUT On

insert into appdba_util.scriptinventory (
SCRIPTNAME,
CREATEDATE,
SCHEMANAME,
DATABASE,
ROLLBACKIND,
FAILUREIND,
localGlobalInd)
values
('&thescriptname',
 sysdate,
 '&sessionname',
 '&dbname',
 'N',
 'N',
 'G');
commit;

set echo on;

------------------------------------
--  Created 4/10/2015 Thomas Fidd
--  ACA test data requested by Sanjay Nair
------------------------------------

select count(*) from INSRNCPLAN;
select count(*) from INSRNCPLANVARIANTCMPT;
select count(*) from INSRNCPLANRATEAREA;

-- Plan data
INSERT INTO INSRNCPLAN  (HIOSSTANDARDCMPTID,MARKETYEAR,ISSUERID,HIOSPRODUCTID,INSRNCPLANNM,INSRNCPLANUNIQUEPLANDESIGNIND,INSRNCPLANSTARTDATE,INSRNCPLANENDDATE,INSRNCPLANEXCHGMARKETTYPECD,INSRNCPLANBNFTMETLTIERTYPECD,INSRNCMARKETCOVERAGETYPECD,INSRNCPRODUCTDIVISIONTYPECD,CREATEDATETIME,LASTMODIFIEDDATETIME,CREATEBY,LASTMODIFIEDBY) VALUES 
('12874VT0010001','2015','12874','','Plan - 12874VT0010001','Y','01-JAN-2015','31-DEC-9999','1',null,'1','1',CURRENT_TIMESTAMP,CURRENT_TIMESTAMP,'TEST0413','TEST0413');
INSERT INTO INSRNCPLAN  (HIOSSTANDARDCMPTID,MARKETYEAR,ISSUERID,HIOSPRODUCTID,INSRNCPLANNM,INSRNCPLANUNIQUEPLANDESIGNIND,INSRNCPLANSTARTDATE,INSRNCPLANENDDATE,INSRNCPLANEXCHGMARKETTYPECD,INSRNCPLANBNFTMETLTIERTYPECD,INSRNCMARKETCOVERAGETYPECD,INSRNCPRODUCTDIVISIONTYPECD,CREATEDATETIME,LASTMODIFIEDDATETIME,CREATEBY,LASTMODIFIEDBY) VALUES 
('22904CO0010001','2015','22904','','Plan - 22904CO0010001','Y','01-JAN-2015','31-DEC-9999','1','1','1','1',CURRENT_TIMESTAMP,CURRENT_TIMESTAMP,'TEST0413','TEST0413');
INSERT INTO INSRNCPLAN  (HIOSSTANDARDCMPTID,MARKETYEAR,ISSUERID,HIOSPRODUCTID,INSRNCPLANNM,INSRNCPLANUNIQUEPLANDESIGNIND,INSRNCPLANSTARTDATE,INSRNCPLANENDDATE,INSRNCPLANEXCHGMARKETTYPECD,INSRNCPLANBNFTMETLTIERTYPECD,INSRNCMARKETCOVERAGETYPECD,INSRNCPRODUCTDIVISIONTYPECD,CREATEDATETIME,LASTMODIFIEDDATETIME,CREATEBY,LASTMODIFIEDBY) VALUES 
('32817AR0010001','2015','32817','','Plan - 32817AR0010001','Y','01-JAN-2015','31-DEC-9999','1','2','1','1',CURRENT_TIMESTAMP,CURRENT_TIMESTAMP,'TEST0413','TEST0413');
INSERT INTO INSRNCPLAN  (HIOSSTANDARDCMPTID,MARKETYEAR,ISSUERID,HIOSPRODUCTID,INSRNCPLANNM,INSRNCPLANUNIQUEPLANDESIGNIND,INSRNCPLANSTARTDATE,INSRNCPLANENDDATE,INSRNCPLANEXCHGMARKETTYPECD,INSRNCPLANBNFTMETLTIERTYPECD,INSRNCMARKETCOVERAGETYPECD,INSRNCPRODUCTDIVISIONTYPECD,CREATEDATETIME,LASTMODIFIEDDATETIME,CREATEBY,LASTMODIFIEDBY) VALUES 
('38329VA0010001','2015','38329','','Plan - 38329VA0010001','Y','01-JAN-2015','31-DEC-9999','1',null,'1','1',CURRENT_TIMESTAMP,CURRENT_TIMESTAMP,'TEST0413','TEST0413');
INSERT INTO INSRNCPLAN  (HIOSSTANDARDCMPTID,MARKETYEAR,ISSUERID,HIOSPRODUCTID,INSRNCPLANNM,INSRNCPLANUNIQUEPLANDESIGNIND,INSRNCPLANSTARTDATE,INSRNCPLANENDDATE,INSRNCPLANEXCHGMARKETTYPECD,INSRNCPLANBNFTMETLTIERTYPECD,INSRNCMARKETCOVERAGETYPECD,INSRNCPRODUCTDIVISIONTYPECD,CREATEDATETIME,LASTMODIFIEDDATETIME,CREATEBY,LASTMODIFIEDBY) VALUES 
('48335NC0010001','2015','48335','','Plan - 48335NC0010001','Y','01-JAN-2015','31-DEC-9999','1',null,'1','1',CURRENT_TIMESTAMP,CURRENT_TIMESTAMP,'TEST0413','TEST0413');

INSERT INTO INSRNCPLAN  (HIOSSTANDARDCMPTID,MARKETYEAR,ISSUERID,HIOSPRODUCTID,INSRNCPLANNM,INSRNCPLANUNIQUEPLANDESIGNIND,INSRNCPLANSTARTDATE,INSRNCPLANENDDATE,INSRNCPLANEXCHGMARKETTYPECD,INSRNCPLANBNFTMETLTIERTYPECD,INSRNCMARKETCOVERAGETYPECD,INSRNCPRODUCTDIVISIONTYPECD,CREATEDATETIME,LASTMODIFIEDDATETIME,CREATEBY,LASTMODIFIEDBY) VALUES 
('81525CT0010001','2015','81525','','Plan - 81525CT0010001','Y','01-JAN-2015','31-DEC-9999','1',null,'1','1',CURRENT_TIMESTAMP,CURRENT_TIMESTAMP,'TEST0413','TEST0413');
INSERT INTO INSRNCPLAN  (HIOSSTANDARDCMPTID,MARKETYEAR,ISSUERID,HIOSPRODUCTID,INSRNCPLANNM,INSRNCPLANUNIQUEPLANDESIGNIND,INSRNCPLANSTARTDATE,INSRNCPLANENDDATE,INSRNCPLANEXCHGMARKETTYPECD,INSRNCPLANBNFTMETLTIERTYPECD,INSRNCMARKETCOVERAGETYPECD,INSRNCPRODUCTDIVISIONTYPECD,CREATEDATETIME,LASTMODIFIEDDATETIME,CREATEBY,LASTMODIFIEDBY) VALUES 
('42158MN0010001','2015','42158','','Plan - 42158MN0010001','Y','01-JAN-2015','31-DEC-9999','1',null,'1','1',CURRENT_TIMESTAMP,CURRENT_TIMESTAMP,'TEST0413','TEST0413');
INSERT INTO INSRNCPLAN  (HIOSSTANDARDCMPTID,MARKETYEAR,ISSUERID,HIOSPRODUCTID,INSRNCPLANNM,INSRNCPLANUNIQUEPLANDESIGNIND,INSRNCPLANSTARTDATE,INSRNCPLANENDDATE,INSRNCPLANEXCHGMARKETTYPECD,INSRNCPLANBNFTMETLTIERTYPECD,INSRNCMARKETCOVERAGETYPECD,INSRNCPRODUCTDIVISIONTYPECD,CREATEDATETIME,LASTMODIFIEDDATETIME,CREATEBY,LASTMODIFIEDBY) VALUES 
('53817CO0010001','2015','53817','','Plan - 53817CO0010001','Y','01-JAN-2015','31-DEC-9999','1','3','1','1',CURRENT_TIMESTAMP,CURRENT_TIMESTAMP,'TEST0413','TEST0413');
INSERT INTO INSRNCPLAN  (HIOSSTANDARDCMPTID,MARKETYEAR,ISSUERID,HIOSPRODUCTID,INSRNCPLANNM,INSRNCPLANUNIQUEPLANDESIGNIND,INSRNCPLANSTARTDATE,INSRNCPLANENDDATE,INSRNCPLANEXCHGMARKETTYPECD,INSRNCPLANBNFTMETLTIERTYPECD,INSRNCMARKETCOVERAGETYPECD,INSRNCPRODUCTDIVISIONTYPECD,CREATEDATETIME,LASTMODIFIEDDATETIME,CREATEBY,LASTMODIFIEDBY) VALUES 
('62156PA0010001','2015','62156','','Plan - 62156PA0010001','Y','01-JAN-2015','31-DEC-9999','1','4','1','1',CURRENT_TIMESTAMP,CURRENT_TIMESTAMP,'TEST0413','TEST0413');
INSERT INTO INSRNCPLAN  (HIOSSTANDARDCMPTID,MARKETYEAR,ISSUERID,HIOSPRODUCTID,INSRNCPLANNM,INSRNCPLANUNIQUEPLANDESIGNIND,INSRNCPLANSTARTDATE,INSRNCPLANENDDATE,INSRNCPLANEXCHGMARKETTYPECD,INSRNCPLANBNFTMETLTIERTYPECD,INSRNCMARKETCOVERAGETYPECD,INSRNCPRODUCTDIVISIONTYPECD,CREATEDATETIME,LASTMODIFIEDDATETIME,CREATEBY,LASTMODIFIEDBY) VALUES 
('63483AZ0010001','2015','63483','','Plan - 63483AZ0010001','Y','01-JAN-2015','31-DEC-9999','1',null,'1','1',CURRENT_TIMESTAMP,CURRENT_TIMESTAMP,'TEST0413','TEST0413');

INSERT INTO INSRNCPLAN  (HIOSSTANDARDCMPTID,MARKETYEAR,ISSUERID,HIOSPRODUCTID,INSRNCPLANNM,INSRNCPLANUNIQUEPLANDESIGNIND,INSRNCPLANSTARTDATE,INSRNCPLANENDDATE,INSRNCPLANEXCHGMARKETTYPECD,INSRNCPLANBNFTMETLTIERTYPECD,INSRNCMARKETCOVERAGETYPECD,INSRNCPRODUCTDIVISIONTYPECD,CREATEDATETIME,LASTMODIFIEDDATETIME,CREATEBY,LASTMODIFIEDBY) VALUES 
('61810VT0010001','2015','61810','','Plan - 61810VT0010001','Y','01-JAN-2015','31-DEC-9999','1',null,'1','1',CURRENT_TIMESTAMP,CURRENT_TIMESTAMP,'TEST0413','TEST0413');
INSERT INTO INSRNCPLAN  (HIOSSTANDARDCMPTID,MARKETYEAR,ISSUERID,HIOSPRODUCTID,INSRNCPLANNM,INSRNCPLANUNIQUEPLANDESIGNIND,INSRNCPLANSTARTDATE,INSRNCPLANENDDATE,INSRNCPLANEXCHGMARKETTYPECD,INSRNCPLANBNFTMETLTIERTYPECD,INSRNCMARKETCOVERAGETYPECD,INSRNCPRODUCTDIVISIONTYPECD,CREATEDATETIME,LASTMODIFIEDDATETIME,CREATEBY,LASTMODIFIEDBY) VALUES 
('59539WY0010001','2015','59539','','Plan - 59539WY0010001','Y','01-JAN-2015','31-DEC-9999','1',null,'1','1',CURRENT_TIMESTAMP,CURRENT_TIMESTAMP,'TEST0413','TEST0413');
INSERT INTO INSRNCPLAN  (HIOSSTANDARDCMPTID,MARKETYEAR,ISSUERID,HIOSPRODUCTID,INSRNCPLANNM,INSRNCPLANUNIQUEPLANDESIGNIND,INSRNCPLANSTARTDATE,INSRNCPLANENDDATE,INSRNCPLANEXCHGMARKETTYPECD,INSRNCPLANBNFTMETLTIERTYPECD,INSRNCMARKETCOVERAGETYPECD,INSRNCPRODUCTDIVISIONTYPECD,CREATEDATETIME,LASTMODIFIEDDATETIME,CREATEBY,LASTMODIFIEDBY) VALUES 
('82863SC0010001','2015','82863','','Plan - 82863SC0010001','Y','01-JAN-2015','31-DEC-9999','1',null,'1','1',CURRENT_TIMESTAMP,CURRENT_TIMESTAMP,'TEST0413','TEST0413');
INSERT INTO INSRNCPLAN  (HIOSSTANDARDCMPTID,MARKETYEAR,ISSUERID,HIOSPRODUCTID,INSRNCPLANNM,INSRNCPLANUNIQUEPLANDESIGNIND,INSRNCPLANSTARTDATE,INSRNCPLANENDDATE,INSRNCPLANEXCHGMARKETTYPECD,INSRNCPLANBNFTMETLTIERTYPECD,INSRNCMARKETCOVERAGETYPECD,INSRNCPRODUCTDIVISIONTYPECD,CREATEDATETIME,LASTMODIFIEDDATETIME,CREATEBY,LASTMODIFIEDBY) VALUES 
('70456VA0010001','2015','70456','','Plan - 70456VA0010001','Y','01-JAN-2015','31-DEC-9999','1','1','1','1',CURRENT_TIMESTAMP,CURRENT_TIMESTAMP,'TEST0413','TEST0413');
INSERT INTO INSRNCPLAN  (HIOSSTANDARDCMPTID,MARKETYEAR,ISSUERID,HIOSPRODUCTID,INSRNCPLANNM,INSRNCPLANUNIQUEPLANDESIGNIND,INSRNCPLANSTARTDATE,INSRNCPLANENDDATE,INSRNCPLANEXCHGMARKETTYPECD,INSRNCPLANBNFTMETLTIERTYPECD,INSRNCMARKETCOVERAGETYPECD,INSRNCPRODUCTDIVISIONTYPECD,CREATEDATETIME,LASTMODIFIEDDATETIME,CREATEBY,LASTMODIFIEDBY) VALUES 
('35535UT0010001','2015','35535','','Plan - 35535UT0010001','Y','01-JAN-2015','31-DEC-9999','1','2','1','1',CURRENT_TIMESTAMP,CURRENT_TIMESTAMP,'TEST0413','TEST0413');


-- Rating Area
INSERT INTO INSRNCPLANRATEAREA  (HIOSSTANDARDCMPTID,EXCHANGERATEAREAID,MARKETYEAR,CREATEDATETIME,LASTMODIFIEDDATETIME,CREATEBY,LASTMODIFIEDBY) VALUES 
('12874VT0010001','R-MN001','2015',CURRENT_TIMESTAMP,CURRENT_TIMESTAMP,'TEST0413','TEST0413');

INSERT INTO INSRNCPLANRATEAREA  (HIOSSTANDARDCMPTID,EXCHANGERATEAREAID,MARKETYEAR,CREATEDATETIME,LASTMODIFIEDDATETIME,CREATEBY,LASTMODIFIEDBY) VALUES 
('22904CO0010001','R-CO001','2015',CURRENT_TIMESTAMP,CURRENT_TIMESTAMP,'TEST0413','TEST0413');

INSERT INTO INSRNCPLANRATEAREA  (HIOSSTANDARDCMPTID,EXCHANGERATEAREAID,MARKETYEAR,CREATEDATETIME,LASTMODIFIEDDATETIME,CREATEBY,LASTMODIFIEDBY) VALUES 
('32817AR0010001','R-AR001','2015',CURRENT_TIMESTAMP,CURRENT_TIMESTAMP,'TEST0413','TEST0413');

INSERT INTO INSRNCPLANRATEAREA  (HIOSSTANDARDCMPTID,EXCHANGERATEAREAID,MARKETYEAR,CREATEDATETIME,LASTMODIFIEDDATETIME,CREATEBY,LASTMODIFIEDBY) VALUES 
('38329VA0010001','R-VA001','2015',CURRENT_TIMESTAMP,CURRENT_TIMESTAMP,'TEST0413','TEST0413');

INSERT INTO INSRNCPLANRATEAREA  (HIOSSTANDARDCMPTID,EXCHANGERATEAREAID,MARKETYEAR,CREATEDATETIME,LASTMODIFIEDDATETIME,CREATEBY,LASTMODIFIEDBY) VALUES 
('48335NC0010001','R-NC001','2015',CURRENT_TIMESTAMP,CURRENT_TIMESTAMP,'TEST0413','TEST0413');


INSERT INTO INSRNCPLANRATEAREA  (HIOSSTANDARDCMPTID,EXCHANGERATEAREAID,MARKETYEAR,CREATEDATETIME,LASTMODIFIEDDATETIME,CREATEBY,LASTMODIFIEDBY) VALUES 
('81525CT0010001','R-CT001','2015',CURRENT_TIMESTAMP,CURRENT_TIMESTAMP,'TEST0413','TEST0413');

INSERT INTO INSRNCPLANRATEAREA  (HIOSSTANDARDCMPTID,EXCHANGERATEAREAID,MARKETYEAR,CREATEDATETIME,LASTMODIFIEDDATETIME,CREATEBY,LASTMODIFIEDBY) VALUES 
('42158MN0010001','R-MN001','2015',CURRENT_TIMESTAMP,CURRENT_TIMESTAMP,'TEST0413','TEST0413');

INSERT INTO INSRNCPLANRATEAREA  (HIOSSTANDARDCMPTID,EXCHANGERATEAREAID,MARKETYEAR,CREATEDATETIME,LASTMODIFIEDDATETIME,CREATEBY,LASTMODIFIEDBY) VALUES 
('53817CO0010001','R-CO001','2015',CURRENT_TIMESTAMP,CURRENT_TIMESTAMP,'TEST0413','TEST0413');

INSERT INTO INSRNCPLANRATEAREA  (HIOSSTANDARDCMPTID,EXCHANGERATEAREAID,MARKETYEAR,CREATEDATETIME,LASTMODIFIEDDATETIME,CREATEBY,LASTMODIFIEDBY) VALUES 
('62156PA0010001','R-PA001','2015',CURRENT_TIMESTAMP,CURRENT_TIMESTAMP,'TEST0413','TEST0413');

INSERT INTO INSRNCPLANRATEAREA  (HIOSSTANDARDCMPTID,EXCHANGERATEAREAID,MARKETYEAR,CREATEDATETIME,LASTMODIFIEDDATETIME,CREATEBY,LASTMODIFIEDBY) VALUES 
('63483AZ0010001','R-AZ001','2015',CURRENT_TIMESTAMP,CURRENT_TIMESTAMP,'TEST0413','TEST0413');


INSERT INTO INSRNCPLANRATEAREA  (HIOSSTANDARDCMPTID,EXCHANGERATEAREAID,MARKETYEAR,CREATEDATETIME,LASTMODIFIEDDATETIME,CREATEBY,LASTMODIFIEDBY) VALUES 
('61810VT0010001','R-VT001','2015',CURRENT_TIMESTAMP,CURRENT_TIMESTAMP,'TEST0413','TEST0413');

INSERT INTO INSRNCPLANRATEAREA  (HIOSSTANDARDCMPTID,EXCHANGERATEAREAID,MARKETYEAR,CREATEDATETIME,LASTMODIFIEDDATETIME,CREATEBY,LASTMODIFIEDBY) VALUES 
('59539WY0010001','R-WY001','2015',CURRENT_TIMESTAMP,CURRENT_TIMESTAMP,'TEST0413','TEST0413');

INSERT INTO INSRNCPLANRATEAREA  (HIOSSTANDARDCMPTID,EXCHANGERATEAREAID,MARKETYEAR,CREATEDATETIME,LASTMODIFIEDDATETIME,CREATEBY,LASTMODIFIEDBY) VALUES 
('53817CO0010001','R-SC001','2015',CURRENT_TIMESTAMP,CURRENT_TIMESTAMP,'TEST0413','TEST0413');

INSERT INTO INSRNCPLANRATEAREA  (HIOSSTANDARDCMPTID,EXCHANGERATEAREAID,MARKETYEAR,CREATEDATETIME,LASTMODIFIEDDATETIME,CREATEBY,LASTMODIFIEDBY) VALUES 
('62156PA0010001','R-VA001','2015',CURRENT_TIMESTAMP,CURRENT_TIMESTAMP,'TEST0413','TEST0413');

INSERT INTO INSRNCPLANRATEAREA  (HIOSSTANDARDCMPTID,EXCHANGERATEAREAID,MARKETYEAR,CREATEDATETIME,LASTMODIFIEDDATETIME,CREATEBY,LASTMODIFIEDBY) VALUES 
('63483AZ0010001','R-UT001','2015',CURRENT_TIMESTAMP,CURRENT_TIMESTAMP,'TEST0413','TEST0413');


-- Variant
INSERT INTO INSRNCPLANVARIANTCMPT  (HIOSSTANDARDCMPTID,INSRNCPLANVARIANTCMPTTYPECD,MARKETYEAR,INDIVIDUALMEDICALMOOPAMOUNT,FAMILYMEDICALMOOPAMOUNT,CREATEDATETIME,LASTMODIFIEDDATETIME,CREATEBY,LASTMODIFIEDBY) VALUES 
('12874VT0010001','01','2015',15000,20000,CURRENT_TIMESTAMP,CURRENT_TIMESTAMP,'TEST0413','TEST0413');

INSERT INTO INSRNCPLANVARIANTCMPT  (HIOSSTANDARDCMPTID,INSRNCPLANVARIANTCMPTTYPECD,MARKETYEAR,INDIVIDUALMEDICALMOOPAMOUNT,FAMILYMEDICALMOOPAMOUNT,CREATEDATETIME,LASTMODIFIEDDATETIME,CREATEBY,LASTMODIFIEDBY) VALUES 
('22904CO0010001','02','2015',15000,20000,CURRENT_TIMESTAMP,CURRENT_TIMESTAMP,'TEST0413','TEST0413');

INSERT INTO INSRNCPLANVARIANTCMPT  (HIOSSTANDARDCMPTID,INSRNCPLANVARIANTCMPTTYPECD,MARKETYEAR,INDIVIDUALMEDICALMOOPAMOUNT,FAMILYMEDICALMOOPAMOUNT,CREATEDATETIME,LASTMODIFIEDDATETIME,CREATEBY,LASTMODIFIEDBY) VALUES 
('32817AR0010001','03','2015',15000,20000,CURRENT_TIMESTAMP,CURRENT_TIMESTAMP,'TEST0413','TEST0413');

INSERT INTO INSRNCPLANVARIANTCMPT  (HIOSSTANDARDCMPTID,INSRNCPLANVARIANTCMPTTYPECD,MARKETYEAR,INDIVIDUALMEDICALMOOPAMOUNT,FAMILYMEDICALMOOPAMOUNT,CREATEDATETIME,LASTMODIFIEDDATETIME,CREATEBY,LASTMODIFIEDBY) VALUES 
('38329VA0010001','04','2015',15000,20000,CURRENT_TIMESTAMP,CURRENT_TIMESTAMP,'TEST0413','TEST0413');

INSERT INTO INSRNCPLANVARIANTCMPT  (HIOSSTANDARDCMPTID,INSRNCPLANVARIANTCMPTTYPECD,MARKETYEAR,INDIVIDUALMEDICALMOOPAMOUNT,FAMILYMEDICALMOOPAMOUNT,CREATEDATETIME,LASTMODIFIEDDATETIME,CREATEBY,LASTMODIFIEDBY) VALUES 
('48335NC0010001','05','2015',15000,20000,CURRENT_TIMESTAMP,CURRENT_TIMESTAMP,'TEST0413','TEST0413');


INSERT INTO INSRNCPLANVARIANTCMPT  (HIOSSTANDARDCMPTID,INSRNCPLANVARIANTCMPTTYPECD,MARKETYEAR,INDIVIDUALMEDICALMOOPAMOUNT,FAMILYMEDICALMOOPAMOUNT,CREATEDATETIME,LASTMODIFIEDDATETIME,CREATEBY,LASTMODIFIEDBY) VALUES 
('81525CT0010001','06','2015',15000,20000,CURRENT_TIMESTAMP,CURRENT_TIMESTAMP,'TEST0413','TEST0413');

INSERT INTO INSRNCPLANVARIANTCMPT  (HIOSSTANDARDCMPTID,INSRNCPLANVARIANTCMPTTYPECD,MARKETYEAR,INDIVIDUALMEDICALMOOPAMOUNT,FAMILYMEDICALMOOPAMOUNT,CREATEDATETIME,LASTMODIFIEDDATETIME,CREATEBY,LASTMODIFIEDBY) VALUES 
('42158MN0010001','01','2015',15000,20000,CURRENT_TIMESTAMP,CURRENT_TIMESTAMP,'TEST0413','TEST0413');

INSERT INTO INSRNCPLANVARIANTCMPT  (HIOSSTANDARDCMPTID,INSRNCPLANVARIANTCMPTTYPECD,MARKETYEAR,INDIVIDUALMEDICALMOOPAMOUNT,FAMILYMEDICALMOOPAMOUNT,CREATEDATETIME,LASTMODIFIEDDATETIME,CREATEBY,LASTMODIFIEDBY) VALUES 
('53817CO0010001','02','2015',15000,20000,CURRENT_TIMESTAMP,CURRENT_TIMESTAMP,'TEST0413','TEST0413');

INSERT INTO INSRNCPLANVARIANTCMPT  (HIOSSTANDARDCMPTID,INSRNCPLANVARIANTCMPTTYPECD,MARKETYEAR,INDIVIDUALMEDICALMOOPAMOUNT,FAMILYMEDICALMOOPAMOUNT,CREATEDATETIME,LASTMODIFIEDDATETIME,CREATEBY,LASTMODIFIEDBY) VALUES 
('62156PA0010001','03','2015',15000,20000,CURRENT_TIMESTAMP,CURRENT_TIMESTAMP,'TEST0413','TEST0413');

INSERT INTO INSRNCPLANVARIANTCMPT  (HIOSSTANDARDCMPTID,INSRNCPLANVARIANTCMPTTYPECD,MARKETYEAR,INDIVIDUALMEDICALMOOPAMOUNT,FAMILYMEDICALMOOPAMOUNT,CREATEDATETIME,LASTMODIFIEDDATETIME,CREATEBY,LASTMODIFIEDBY) VALUES 
('63483AZ0010001','04','2015',15000,20000,CURRENT_TIMESTAMP,CURRENT_TIMESTAMP,'TEST0413','TEST0413');


INSERT INTO INSRNCPLANVARIANTCMPT  (HIOSSTANDARDCMPTID,INSRNCPLANVARIANTCMPTTYPECD,MARKETYEAR,INDIVIDUALMEDICALMOOPAMOUNT,FAMILYMEDICALMOOPAMOUNT,CREATEDATETIME,LASTMODIFIEDDATETIME,CREATEBY,LASTMODIFIEDBY) VALUES 
('61810VT0010001','05','2015',15000,20000,CURRENT_TIMESTAMP,CURRENT_TIMESTAMP,'TEST0413','TEST0413');

INSERT INTO INSRNCPLANVARIANTCMPT  (HIOSSTANDARDCMPTID,INSRNCPLANVARIANTCMPTTYPECD,MARKETYEAR,INDIVIDUALMEDICALMOOPAMOUNT,FAMILYMEDICALMOOPAMOUNT,CREATEDATETIME,LASTMODIFIEDDATETIME,CREATEBY,LASTMODIFIEDBY) VALUES 
('59539WY0010001','06','2015',15000,20000,CURRENT_TIMESTAMP,CURRENT_TIMESTAMP,'TEST0413','TEST0413');

INSERT INTO INSRNCPLANVARIANTCMPT  (HIOSSTANDARDCMPTID,INSRNCPLANVARIANTCMPTTYPECD,MARKETYEAR,INDIVIDUALMEDICALMOOPAMOUNT,FAMILYMEDICALMOOPAMOUNT,CREATEDATETIME,LASTMODIFIEDDATETIME,CREATEBY,LASTMODIFIEDBY) VALUES 
('53817CO0010001','01','2015',15000,20000,CURRENT_TIMESTAMP,CURRENT_TIMESTAMP,'TEST0413','TEST0413');

INSERT INTO INSRNCPLANVARIANTCMPT  (HIOSSTANDARDCMPTID,INSRNCPLANVARIANTCMPTTYPECD,MARKETYEAR,INDIVIDUALMEDICALMOOPAMOUNT,FAMILYMEDICALMOOPAMOUNT,CREATEDATETIME,LASTMODIFIEDDATETIME,CREATEBY,LASTMODIFIEDBY) VALUES 
('62156PA0010001','02','2015',15000,20000,CURRENT_TIMESTAMP,CURRENT_TIMESTAMP,'TEST0413','TEST0413');

INSERT INTO INSRNCPLANVARIANTCMPT  (HIOSSTANDARDCMPTID,INSRNCPLANVARIANTCMPTTYPECD,MARKETYEAR,INDIVIDUALMEDICALMOOPAMOUNT,FAMILYMEDICALMOOPAMOUNT,CREATEDATETIME,LASTMODIFIEDDATETIME,CREATEBY,LASTMODIFIEDBY) VALUES 
('63483AZ0010001','03','2015',15000,20000,CURRENT_TIMESTAMP,CURRENT_TIMESTAMP,'TEST0413','TEST0413');


-- Combined
INSERT INTO INSRNCPLAN  (HIOSSTANDARDCMPTID,MARKETYEAR,ISSUERID,HIOSPRODUCTID,INSRNCPLANNM,INSRNCPLANUNIQUEPLANDESIGNIND,INSRNCPLANSTARTDATE,INSRNCPLANENDDATE,INSRNCPLANEXCHGMARKETTYPECD,INSRNCPLANBNFTMETLTIERTYPECD,INSRNCMARKETCOVERAGETYPECD,INSRNCPRODUCTDIVISIONTYPECD,CREATEDATETIME,LASTMODIFIEDDATETIME,CREATEBY,LASTMODIFIEDBY) VALUES 
('19037MA0010001','2015','19037','','Plan - 19037MA0010001','Y','01-JAN-2015','31-DEC-9999','1',null,'1','1',CURRENT_TIMESTAMP,CURRENT_TIMESTAMP,'TEST0413','TEST0413');
INSERT INTO INSRNCPLANRATEAREA  (HIOSSTANDARDCMPTID,EXCHANGERATEAREAID,MARKETYEAR,CREATEDATETIME,LASTMODIFIEDDATETIME,CREATEBY,LASTMODIFIEDBY) VALUES 
('19037MA0010001','R-MA001','2015',CURRENT_TIMESTAMP,CURRENT_TIMESTAMP,'TEST0413','TEST0413');

INSERT INTO INSRNCPLANVARIANTCMPT  (HIOSSTANDARDCMPTID,INSRNCPLANVARIANTCMPTTYPECD,MARKETYEAR,INDIVIDUALMEDICALMOOPAMOUNT,FAMILYMEDICALMOOPAMOUNT,CREATEDATETIME,LASTMODIFIEDDATETIME,CREATEBY,LASTMODIFIEDBY) VALUES 
('19037MA0010001','04','2015',15000,20000,CURRENT_TIMESTAMP,CURRENT_TIMESTAMP,'TEST0413','TEST0413');


INSERT INTO INSRNCPLAN  (HIOSSTANDARDCMPTID,MARKETYEAR,ISSUERID,HIOSPRODUCTID,INSRNCPLANNM,INSRNCPLANUNIQUEPLANDESIGNIND,INSRNCPLANSTARTDATE,INSRNCPLANENDDATE,INSRNCPLANEXCHGMARKETTYPECD,INSRNCPLANBNFTMETLTIERTYPECD,INSRNCMARKETCOVERAGETYPECD,INSRNCPRODUCTDIVISIONTYPECD,CREATEDATETIME,LASTMODIFIEDDATETIME,CREATEBY,LASTMODIFIEDBY) VALUES 
('22681HI0010001','2015','22681','','Plan - 22681HI0010001','Y','01-JAN-2015','31-DEC-9999','1',null,'1','1',CURRENT_TIMESTAMP,CURRENT_TIMESTAMP,'TEST0413','TEST0413');
INSERT INTO INSRNCPLANRATEAREA  (HIOSSTANDARDCMPTID,EXCHANGERATEAREAID,MARKETYEAR,CREATEDATETIME,LASTMODIFIEDDATETIME,CREATEBY,LASTMODIFIEDBY) VALUES 
('22681HI0010001','R-HI001','2015',CURRENT_TIMESTAMP,CURRENT_TIMESTAMP,'TEST0413','TEST0413');

INSERT INTO INSRNCPLANVARIANTCMPT  (HIOSSTANDARDCMPTID,INSRNCPLANVARIANTCMPTTYPECD,MARKETYEAR,INDIVIDUALMEDICALMOOPAMOUNT,FAMILYMEDICALMOOPAMOUNT,CREATEDATETIME,LASTMODIFIEDDATETIME,CREATEBY,LASTMODIFIEDBY) VALUES 
('22681HI0010001','05','2015',15000,20000,CURRENT_TIMESTAMP,CURRENT_TIMESTAMP,'TEST0413','TEST0413');


INSERT INTO INSRNCPLAN  (HIOSSTANDARDCMPTID,MARKETYEAR,ISSUERID,HIOSPRODUCTID,INSRNCPLANNM,INSRNCPLANUNIQUEPLANDESIGNIND,INSRNCPLANSTARTDATE,INSRNCPLANENDDATE,INSRNCPLANEXCHGMARKETTYPECD,INSRNCPLANBNFTMETLTIERTYPECD,INSRNCMARKETCOVERAGETYPECD,INSRNCPRODUCTDIVISIONTYPECD,CREATEDATETIME,LASTMODIFIEDDATETIME,CREATEBY,LASTMODIFIEDBY) VALUES 
('27219TX0010001','2015','19037','','Plan - 27219TX0010001','Y','01-JAN-2015','31-DEC-9999','1',null,'1','1',CURRENT_TIMESTAMP,CURRENT_TIMESTAMP,'TEST0413','TEST0413');
INSERT INTO INSRNCPLANRATEAREA  (HIOSSTANDARDCMPTID,EXCHANGERATEAREAID,MARKETYEAR,CREATEDATETIME,LASTMODIFIEDDATETIME,CREATEBY,LASTMODIFIEDBY) VALUES 
('27219TX0010001','R-TX001','2015',CURRENT_TIMESTAMP,CURRENT_TIMESTAMP,'TEST0413','TEST0413');

INSERT INTO INSRNCPLANVARIANTCMPT  (HIOSSTANDARDCMPTID,INSRNCPLANVARIANTCMPTTYPECD,MARKETYEAR,INDIVIDUALMEDICALMOOPAMOUNT,FAMILYMEDICALMOOPAMOUNT,CREATEDATETIME,LASTMODIFIEDDATETIME,CREATEBY,LASTMODIFIEDBY) VALUES 
('27219TX0010001','06','2015',15000,20000,CURRENT_TIMESTAMP,CURRENT_TIMESTAMP,'TEST0413','TEST0413');


INSERT INTO INSRNCPLAN  (HIOSSTANDARDCMPTID,MARKETYEAR,ISSUERID,HIOSPRODUCTID,INSRNCPLANNM,INSRNCPLANUNIQUEPLANDESIGNIND,INSRNCPLANSTARTDATE,INSRNCPLANENDDATE,INSRNCPLANEXCHGMARKETTYPECD,INSRNCPLANBNFTMETLTIERTYPECD,INSRNCMARKETCOVERAGETYPECD,INSRNCPRODUCTDIVISIONTYPECD,CREATEDATETIME,LASTMODIFIEDDATETIME,CREATEBY,LASTMODIFIEDBY) VALUES 
('31869CA0010001','2015','19037','','Plan - 31869CA0010001','Y','01-JAN-2015','31-DEC-9999','1',null,'1','1',CURRENT_TIMESTAMP,CURRENT_TIMESTAMP,'TEST0413','TEST0413');
INSERT INTO INSRNCPLANRATEAREA  (HIOSSTANDARDCMPTID,EXCHANGERATEAREAID,MARKETYEAR,CREATEDATETIME,LASTMODIFIEDDATETIME,CREATEBY,LASTMODIFIEDBY) VALUES 
('31869CA0010001','R-CA001','2015',CURRENT_TIMESTAMP,CURRENT_TIMESTAMP,'TEST0413','TEST0413');

INSERT INTO INSRNCPLANVARIANTCMPT  (HIOSSTANDARDCMPTID,INSRNCPLANVARIANTCMPTTYPECD,MARKETYEAR,INDIVIDUALMEDICALMOOPAMOUNT,FAMILYMEDICALMOOPAMOUNT,CREATEDATETIME,LASTMODIFIEDDATETIME,CREATEBY,LASTMODIFIEDBY) VALUES 
('31869CA0010001','01','2015',15000,20000,CURRENT_TIMESTAMP,CURRENT_TIMESTAMP,'TEST0413','TEST0413');


INSERT INTO INSRNCPLAN  (HIOSSTANDARDCMPTID,MARKETYEAR,ISSUERID,HIOSPRODUCTID,INSRNCPLANNM,INSRNCPLANUNIQUEPLANDESIGNIND,INSRNCPLANSTARTDATE,INSRNCPLANENDDATE,INSRNCPLANEXCHGMARKETTYPECD,INSRNCPLANBNFTMETLTIERTYPECD,INSRNCMARKETCOVERAGETYPECD,INSRNCPRODUCTDIVISIONTYPECD,CREATEDATETIME,LASTMODIFIEDDATETIME,CREATEBY,LASTMODIFIEDBY) VALUES 
('46834VT0010001','2015','46834','','Plan - 46834VT0010001','Y','01-JAN-2015','31-DEC-9999','1','3','1','1',CURRENT_TIMESTAMP,CURRENT_TIMESTAMP,'TEST0413','TEST0413');
INSERT INTO INSRNCPLANRATEAREA  (HIOSSTANDARDCMPTID,EXCHANGERATEAREAID,MARKETYEAR,CREATEDATETIME,LASTMODIFIEDDATETIME,CREATEBY,LASTMODIFIEDBY) VALUES 
('46834VT0010001','R-VT001','2015',CURRENT_TIMESTAMP,CURRENT_TIMESTAMP,'TEST0413','TEST0413');

INSERT INTO INSRNCPLANVARIANTCMPT  (HIOSSTANDARDCMPTID,INSRNCPLANVARIANTCMPTTYPECD,MARKETYEAR,INDIVIDUALMEDICALMOOPAMOUNT,FAMILYMEDICALMOOPAMOUNT,CREATEDATETIME,LASTMODIFIEDDATETIME,CREATEBY,LASTMODIFIEDBY) VALUES 
('46834VT0010001','02','2015',15000,20000,CURRENT_TIMESTAMP,CURRENT_TIMESTAMP,'TEST0413','TEST0413');


INSERT INTO INSRNCPLAN  (HIOSSTANDARDCMPTID,MARKETYEAR,ISSUERID,HIOSPRODUCTID,INSRNCPLANNM,INSRNCPLANUNIQUEPLANDESIGNIND,INSRNCPLANSTARTDATE,INSRNCPLANENDDATE,INSRNCPLANEXCHGMARKETTYPECD,INSRNCPLANBNFTMETLTIERTYPECD,INSRNCMARKETCOVERAGETYPECD,INSRNCPRODUCTDIVISIONTYPECD,CREATEDATETIME,LASTMODIFIEDDATETIME,CREATEBY,LASTMODIFIEDBY) VALUES 
('52220IL0010001','2015','52220','','Plan - 52220IL0010001','Y','01-JAN-2015','31-DEC-9999','1','4','1','1',CURRENT_TIMESTAMP,CURRENT_TIMESTAMP,'TEST0413','TEST0413');
INSERT INTO INSRNCPLANRATEAREA  (HIOSSTANDARDCMPTID,EXCHANGERATEAREAID,MARKETYEAR,CREATEDATETIME,LASTMODIFIEDDATETIME,CREATEBY,LASTMODIFIEDBY) VALUES 
('52220IL0010001','R-IL001','2015',CURRENT_TIMESTAMP,CURRENT_TIMESTAMP,'TEST0413','TEST0413');

INSERT INTO INSRNCPLANVARIANTCMPT  (HIOSSTANDARDCMPTID,INSRNCPLANVARIANTCMPTTYPECD,MARKETYEAR,INDIVIDUALMEDICALMOOPAMOUNT,FAMILYMEDICALMOOPAMOUNT,CREATEDATETIME,LASTMODIFIEDDATETIME,CREATEBY,LASTMODIFIEDBY) VALUES 
('52220IL0010001','03','2015',15000,20000,CURRENT_TIMESTAMP,CURRENT_TIMESTAMP,'TEST0413','TEST0413');


INSERT INTO INSRNCPLAN  (HIOSSTANDARDCMPTID,MARKETYEAR,ISSUERID,HIOSPRODUCTID,INSRNCPLANNM,INSRNCPLANUNIQUEPLANDESIGNIND,INSRNCPLANSTARTDATE,INSRNCPLANENDDATE,INSRNCPLANEXCHGMARKETTYPECD,INSRNCPLANBNFTMETLTIERTYPECD,INSRNCMARKETCOVERAGETYPECD,INSRNCPRODUCTDIVISIONTYPECD,CREATEDATETIME,LASTMODIFIEDDATETIME,CREATEBY,LASTMODIFIEDBY) VALUES 
('62047MN0010001','2015','62047','','Plan - 62047MN0010001','Y','01-JAN-2015','31-DEC-9999','1',null,'1','1',CURRENT_TIMESTAMP,CURRENT_TIMESTAMP,'TEST0413','TEST0413');
INSERT INTO INSRNCPLANRATEAREA  (HIOSSTANDARDCMPTID,EXCHANGERATEAREAID,MARKETYEAR,CREATEDATETIME,LASTMODIFIEDDATETIME,CREATEBY,LASTMODIFIEDBY) VALUES 
('62047MN0010001','R-MN001','2015',CURRENT_TIMESTAMP,CURRENT_TIMESTAMP,'TEST0413','TEST0413');

INSERT INTO INSRNCPLANVARIANTCMPT  (HIOSSTANDARDCMPTID,INSRNCPLANVARIANTCMPTTYPECD,MARKETYEAR,INDIVIDUALMEDICALMOOPAMOUNT,FAMILYMEDICALMOOPAMOUNT,CREATEDATETIME,LASTMODIFIEDDATETIME,CREATEBY,LASTMODIFIEDBY) VALUES 
('62047MN0010001','04','2015',15000,20000,CURRENT_TIMESTAMP,CURRENT_TIMESTAMP,'TEST0413','TEST0413');


INSERT INTO INSRNCPLAN  (HIOSSTANDARDCMPTID,MARKETYEAR,ISSUERID,HIOSPRODUCTID,INSRNCPLANNM,INSRNCPLANUNIQUEPLANDESIGNIND,INSRNCPLANSTARTDATE,INSRNCPLANENDDATE,INSRNCPLANEXCHGMARKETTYPECD,INSRNCPLANBNFTMETLTIERTYPECD,INSRNCMARKETCOVERAGETYPECD,INSRNCPRODUCTDIVISIONTYPECD,CREATEDATETIME,LASTMODIFIEDDATETIME,CREATEBY,LASTMODIFIEDBY) VALUES 
('72237NY0010001','2015','72237','','Plan - 72237NY0010001','Y','01-JAN-2015','31-DEC-9999','1',null,'1','1',CURRENT_TIMESTAMP,CURRENT_TIMESTAMP,'TEST0413','TEST0413');
INSERT INTO INSRNCPLANRATEAREA  (HIOSSTANDARDCMPTID,EXCHANGERATEAREAID,MARKETYEAR,CREATEDATETIME,LASTMODIFIEDDATETIME,CREATEBY,LASTMODIFIEDBY) VALUES 
('72237NY0010001','R-NY001','2015',CURRENT_TIMESTAMP,CURRENT_TIMESTAMP,'TEST0413','TEST0413');

INSERT INTO INSRNCPLANVARIANTCMPT  (HIOSSTANDARDCMPTID,INSRNCPLANVARIANTCMPTTYPECD,MARKETYEAR,INDIVIDUALMEDICALMOOPAMOUNT,FAMILYMEDICALMOOPAMOUNT,CREATEDATETIME,LASTMODIFIEDDATETIME,CREATEBY,LASTMODIFIEDBY) VALUES 
('72237NY0010001','05','2015',15000,20000,CURRENT_TIMESTAMP,CURRENT_TIMESTAMP,'TEST0413','TEST0413');


INSERT INTO INSRNCPLAN  (HIOSSTANDARDCMPTID,MARKETYEAR,ISSUERID,HIOSPRODUCTID,INSRNCPLANNM,INSRNCPLANUNIQUEPLANDESIGNIND,INSRNCPLANSTARTDATE,INSRNCPLANENDDATE,INSRNCPLANEXCHGMARKETTYPECD,INSRNCPLANBNFTMETLTIERTYPECD,INSRNCMARKETCOVERAGETYPECD,INSRNCPRODUCTDIVISIONTYPECD,CREATEDATETIME,LASTMODIFIEDDATETIME,CREATEBY,LASTMODIFIEDBY) VALUES 
('75724MI0010001','2015','75724','','Plan - 75724MI0010001','Y','01-JAN-2015','31-DEC-9999','1',null,'1','1',CURRENT_TIMESTAMP,CURRENT_TIMESTAMP,'TEST0413','TEST0413');
INSERT INTO INSRNCPLANRATEAREA  (HIOSSTANDARDCMPTID,EXCHANGERATEAREAID,MARKETYEAR,CREATEDATETIME,LASTMODIFIEDDATETIME,CREATEBY,LASTMODIFIEDBY) VALUES 
('75724MI0010001','R-MI001','2015',CURRENT_TIMESTAMP,CURRENT_TIMESTAMP,'TEST0413','TEST0413');

INSERT INTO INSRNCPLANVARIANTCMPT  (HIOSSTANDARDCMPTID,INSRNCPLANVARIANTCMPTTYPECD,MARKETYEAR,INDIVIDUALMEDICALMOOPAMOUNT,FAMILYMEDICALMOOPAMOUNT,CREATEDATETIME,LASTMODIFIEDDATETIME,CREATEBY,LASTMODIFIEDBY) VALUES 
('75724MI0010001','06','2015',15000,20000,CURRENT_TIMESTAMP,CURRENT_TIMESTAMP,'TEST0413','TEST0413');


INSERT INTO INSRNCPLAN  (HIOSSTANDARDCMPTID,MARKETYEAR,ISSUERID,HIOSPRODUCTID,INSRNCPLANNM,INSRNCPLANUNIQUEPLANDESIGNIND,INSRNCPLANSTARTDATE,INSRNCPLANENDDATE,INSRNCPLANEXCHGMARKETTYPECD,INSRNCPLANBNFTMETLTIERTYPECD,INSRNCMARKETCOVERAGETYPECD,INSRNCPRODUCTDIVISIONTYPECD,CREATEDATETIME,LASTMODIFIEDDATETIME,CREATEBY,LASTMODIFIEDBY) VALUES 
('90665VA0010001','2015','90665','','Plan - 90665VA0010001','Y','01-JAN-2015','31-DEC-9999','1',null,'1','1',CURRENT_TIMESTAMP,CURRENT_TIMESTAMP,'TEST0413','TEST0413');
INSERT INTO INSRNCPLANRATEAREA  (HIOSSTANDARDCMPTID,EXCHANGERATEAREAID,MARKETYEAR,CREATEDATETIME,LASTMODIFIEDDATETIME,CREATEBY,LASTMODIFIEDBY) VALUES 
('90665VA0010001','R-VA001','2015',CURRENT_TIMESTAMP,CURRENT_TIMESTAMP,'TEST0413','TEST0413');

INSERT INTO INSRNCPLANVARIANTCMPT  (HIOSSTANDARDCMPTID,INSRNCPLANVARIANTCMPTTYPECD,MARKETYEAR,INDIVIDUALMEDICALMOOPAMOUNT,FAMILYMEDICALMOOPAMOUNT,CREATEDATETIME,LASTMODIFIEDDATETIME,CREATEBY,LASTMODIFIEDBY) VALUES 
('90665VA0010001','01','2015',15000,20000,CURRENT_TIMESTAMP,CURRENT_TIMESTAMP,'TEST0413','TEST0413');


INSERT INTO INSRNCPLAN  (HIOSSTANDARDCMPTID,MARKETYEAR,ISSUERID,HIOSPRODUCTID,INSRNCPLANNM,INSRNCPLANUNIQUEPLANDESIGNIND,INSRNCPLANSTARTDATE,INSRNCPLANENDDATE,INSRNCPLANEXCHGMARKETTYPECD,INSRNCPLANBNFTMETLTIERTYPECD,INSRNCMARKETCOVERAGETYPECD,INSRNCPRODUCTDIVISIONTYPECD,CREATEDATETIME,LASTMODIFIEDDATETIME,CREATEBY,LASTMODIFIEDBY) VALUES 
('10947RI0010001','2015','10947','','Plan - 10947RI0010001','Y','01-JAN-2015','31-DEC-9999','1','1','1','1',CURRENT_TIMESTAMP,CURRENT_TIMESTAMP,'TEST0413','TEST0413');
INSERT INTO INSRNCPLANRATEAREA  (HIOSSTANDARDCMPTID,EXCHANGERATEAREAID,MARKETYEAR,CREATEDATETIME,LASTMODIFIEDDATETIME,CREATEBY,LASTMODIFIEDBY) VALUES 
('10947RI0010001','R-RI001','2015',CURRENT_TIMESTAMP,CURRENT_TIMESTAMP,'TEST0413','TEST0413');

INSERT INTO INSRNCPLANVARIANTCMPT  (HIOSSTANDARDCMPTID,INSRNCPLANVARIANTCMPTTYPECD,MARKETYEAR,INDIVIDUALMEDICALMOOPAMOUNT,FAMILYMEDICALMOOPAMOUNT,CREATEDATETIME,LASTMODIFIEDDATETIME,CREATEBY,LASTMODIFIEDBY) VALUES 
('10947RI0010001','02','2015',15000,20000,CURRENT_TIMESTAMP,CURRENT_TIMESTAMP,'TEST0413','TEST0413');


INSERT INTO INSRNCPLAN  (HIOSSTANDARDCMPTID,MARKETYEAR,ISSUERID,HIOSPRODUCTID,INSRNCPLANNM,INSRNCPLANUNIQUEPLANDESIGNIND,INSRNCPLANSTARTDATE,INSRNCPLANENDDATE,INSRNCPLANEXCHGMARKETTYPECD,INSRNCPLANBNFTMETLTIERTYPECD,INSRNCMARKETCOVERAGETYPECD,INSRNCPRODUCTDIVISIONTYPECD,CREATEDATETIME,LASTMODIFIEDDATETIME,CREATEBY,LASTMODIFIEDBY) VALUES 
('16193SC0010001','2015','22681','','Plan - 16193SC0010001','Y','01-JAN-2015','31-DEC-9999','1','2','1','1',CURRENT_TIMESTAMP,CURRENT_TIMESTAMP,'TEST0413','TEST0413');
INSERT INTO INSRNCPLANRATEAREA  (HIOSSTANDARDCMPTID,EXCHANGERATEAREAID,MARKETYEAR,CREATEDATETIME,LASTMODIFIEDDATETIME,CREATEBY,LASTMODIFIEDBY) VALUES 
('16193SC0010001','R-SC001','2015',CURRENT_TIMESTAMP,CURRENT_TIMESTAMP,'TEST0413','TEST0413');

INSERT INTO INSRNCPLANVARIANTCMPT  (HIOSSTANDARDCMPTID,INSRNCPLANVARIANTCMPTTYPECD,MARKETYEAR,INDIVIDUALMEDICALMOOPAMOUNT,FAMILYMEDICALMOOPAMOUNT,CREATEDATETIME,LASTMODIFIEDDATETIME,CREATEBY,LASTMODIFIEDBY) VALUES 
('16193SC0010001','03','2015',15000,20000,CURRENT_TIMESTAMP,CURRENT_TIMESTAMP,'TEST0413','TEST0413');


INSERT INTO INSRNCPLAN  (HIOSSTANDARDCMPTID,MARKETYEAR,ISSUERID,HIOSPRODUCTID,INSRNCPLANNM,INSRNCPLANUNIQUEPLANDESIGNIND,INSRNCPLANSTARTDATE,INSRNCPLANENDDATE,INSRNCPLANEXCHGMARKETTYPECD,INSRNCPLANBNFTMETLTIERTYPECD,INSRNCMARKETCOVERAGETYPECD,INSRNCPRODUCTDIVISIONTYPECD,CREATEDATETIME,LASTMODIFIEDDATETIME,CREATEBY,LASTMODIFIEDBY) VALUES 
('68406AR0010001','2015','68406','','Plan - 68406AR0010001','Y','01-JAN-2015','31-DEC-9999','1',null,'1','1',CURRENT_TIMESTAMP,CURRENT_TIMESTAMP,'TEST0413','TEST0413');
INSERT INTO INSRNCPLANRATEAREA  (HIOSSTANDARDCMPTID,EXCHANGERATEAREAID,MARKETYEAR,CREATEDATETIME,LASTMODIFIEDDATETIME,CREATEBY,LASTMODIFIEDBY) VALUES 
('68406AR0010001','R-AR001','2015',CURRENT_TIMESTAMP,CURRENT_TIMESTAMP,'TEST0413','TEST0413');

INSERT INTO INSRNCPLANVARIANTCMPT  (HIOSSTANDARDCMPTID,INSRNCPLANVARIANTCMPTTYPECD,MARKETYEAR,INDIVIDUALMEDICALMOOPAMOUNT,FAMILYMEDICALMOOPAMOUNT,CREATEDATETIME,LASTMODIFIEDDATETIME,CREATEBY,LASTMODIFIEDBY) VALUES 
('68406AR0010001','04','2015',15000,20000,CURRENT_TIMESTAMP,CURRENT_TIMESTAMP,'TEST0413','TEST0413');


INSERT INTO INSRNCPLAN  (HIOSSTANDARDCMPTID,MARKETYEAR,ISSUERID,HIOSPRODUCTID,INSRNCPLANNM,INSRNCPLANUNIQUEPLANDESIGNIND,INSRNCPLANSTARTDATE,INSRNCPLANENDDATE,INSRNCPLANEXCHGMARKETTYPECD,INSRNCPLANBNFTMETLTIERTYPECD,INSRNCMARKETCOVERAGETYPECD,INSRNCPRODUCTDIVISIONTYPECD,CREATEDATETIME,LASTMODIFIEDDATETIME,CREATEBY,LASTMODIFIEDBY) VALUES 
('78363CO0010001','2015','78363','','Plan - 78363CO0010001','Y','01-JAN-2015','31-DEC-9999','1',null,'1','1',CURRENT_TIMESTAMP,CURRENT_TIMESTAMP,'TEST0413','TEST0413');
INSERT INTO INSRNCPLANRATEAREA  (HIOSSTANDARDCMPTID,EXCHANGERATEAREAID,MARKETYEAR,CREATEDATETIME,LASTMODIFIEDDATETIME,CREATEBY,LASTMODIFIEDBY) VALUES 
('78363CO0010001','R-CO001','2015',CURRENT_TIMESTAMP,CURRENT_TIMESTAMP,'TEST0413','TEST0413');

INSERT INTO INSRNCPLANVARIANTCMPT  (HIOSSTANDARDCMPTID,INSRNCPLANVARIANTCMPTTYPECD,MARKETYEAR,INDIVIDUALMEDICALMOOPAMOUNT,FAMILYMEDICALMOOPAMOUNT,CREATEDATETIME,LASTMODIFIEDDATETIME,CREATEBY,LASTMODIFIEDBY) VALUES 
('78363CO0010001','05','2015',15000,20000,CURRENT_TIMESTAMP,CURRENT_TIMESTAMP,'TEST0413','TEST0413');


INSERT INTO INSRNCPLAN  (HIOSSTANDARDCMPTID,MARKETYEAR,ISSUERID,HIOSPRODUCTID,INSRNCPLANNM,INSRNCPLANUNIQUEPLANDESIGNIND,INSRNCPLANSTARTDATE,INSRNCPLANENDDATE,INSRNCPLANEXCHGMARKETTYPECD,INSRNCPLANBNFTMETLTIERTYPECD,INSRNCMARKETCOVERAGETYPECD,INSRNCPRODUCTDIVISIONTYPECD,CREATEDATETIME,LASTMODIFIEDDATETIME,CREATEBY,LASTMODIFIEDBY) VALUES 
('92852MI0010001','2015','92852','','Plan - 92852MI0010001','Y','01-JAN-2015','31-DEC-9999','1',null,'1','1',CURRENT_TIMESTAMP,CURRENT_TIMESTAMP,'TEST0413','TEST0413');
INSERT INTO INSRNCPLANRATEAREA  (HIOSSTANDARDCMPTID,EXCHANGERATEAREAID,MARKETYEAR,CREATEDATETIME,LASTMODIFIEDDATETIME,CREATEBY,LASTMODIFIEDBY) VALUES 
('92852MI0010001','R-MI001','2015',CURRENT_TIMESTAMP,CURRENT_TIMESTAMP,'TEST0413','TEST0413');

INSERT INTO INSRNCPLANVARIANTCMPT  (HIOSSTANDARDCMPTID,INSRNCPLANVARIANTCMPTTYPECD,MARKETYEAR,INDIVIDUALMEDICALMOOPAMOUNT,FAMILYMEDICALMOOPAMOUNT,CREATEDATETIME,LASTMODIFIEDDATETIME,CREATEBY,LASTMODIFIEDBY) VALUES 
('92852MI0010001','06','2015',15000,20000,CURRENT_TIMESTAMP,CURRENT_TIMESTAMP,'TEST0413','TEST0413');


INSERT INTO INSRNCPLAN  (HIOSSTANDARDCMPTID,MARKETYEAR,ISSUERID,HIOSPRODUCTID,INSRNCPLANNM,INSRNCPLANUNIQUEPLANDESIGNIND,INSRNCPLANSTARTDATE,INSRNCPLANENDDATE,INSRNCPLANEXCHGMARKETTYPECD,INSRNCPLANBNFTMETLTIERTYPECD,INSRNCMARKETCOVERAGETYPECD,INSRNCPRODUCTDIVISIONTYPECD,CREATEDATETIME,LASTMODIFIEDDATETIME,CREATEBY,LASTMODIFIEDBY) VALUES 
('15359MN0010001','2015','15359','','Plan - 15359MN0010001','Y','01-JAN-2015','31-DEC-9999','1',null,'1','1',CURRENT_TIMESTAMP,CURRENT_TIMESTAMP,'TEST0413','TEST0413');
INSERT INTO INSRNCPLANRATEAREA  (HIOSSTANDARDCMPTID,EXCHANGERATEAREAID,MARKETYEAR,CREATEDATETIME,LASTMODIFIEDDATETIME,CREATEBY,LASTMODIFIEDBY) VALUES 
('15359MN0010001','R-MN001','2015',CURRENT_TIMESTAMP,CURRENT_TIMESTAMP,'TEST0413','TEST0413');

INSERT INTO INSRNCPLANVARIANTCMPT  (HIOSSTANDARDCMPTID,INSRNCPLANVARIANTCMPTTYPECD,MARKETYEAR,INDIVIDUALMEDICALMOOPAMOUNT,FAMILYMEDICALMOOPAMOUNT,CREATEDATETIME,LASTMODIFIEDDATETIME,CREATEBY,LASTMODIFIEDBY) VALUES 
('15359MN0010001','01','2015',15000,20000,CURRENT_TIMESTAMP,CURRENT_TIMESTAMP,'TEST0413','TEST0413');


INSERT INTO INSRNCPLAN  (HIOSSTANDARDCMPTID,MARKETYEAR,ISSUERID,HIOSPRODUCTID,INSRNCPLANNM,INSRNCPLANUNIQUEPLANDESIGNIND,INSRNCPLANSTARTDATE,INSRNCPLANENDDATE,INSRNCPLANEXCHGMARKETTYPECD,INSRNCPLANBNFTMETLTIERTYPECD,INSRNCMARKETCOVERAGETYPECD,INSRNCPRODUCTDIVISIONTYPECD,CREATEDATETIME,LASTMODIFIEDDATETIME,CREATEBY,LASTMODIFIEDBY) VALUES 
('26667VT0010001','2015','26667','','Plan - 26667VT0010001','Y','01-JAN-2015','31-DEC-9999','1','3','1','1',CURRENT_TIMESTAMP,CURRENT_TIMESTAMP,'TEST0413','TEST0413');
INSERT INTO INSRNCPLANRATEAREA  (HIOSSTANDARDCMPTID,EXCHANGERATEAREAID,MARKETYEAR,CREATEDATETIME,LASTMODIFIEDDATETIME,CREATEBY,LASTMODIFIEDBY) VALUES 
('26667VT0010001','R-VT001','2015',CURRENT_TIMESTAMP,CURRENT_TIMESTAMP,'TEST0413','TEST0413');

INSERT INTO INSRNCPLANVARIANTCMPT  (HIOSSTANDARDCMPTID,INSRNCPLANVARIANTCMPTTYPECD,MARKETYEAR,INDIVIDUALMEDICALMOOPAMOUNT,FAMILYMEDICALMOOPAMOUNT,CREATEDATETIME,LASTMODIFIEDDATETIME,CREATEBY,LASTMODIFIEDBY) VALUES 
('26667VT0010001','02','2015',15000,20000,CURRENT_TIMESTAMP,CURRENT_TIMESTAMP,'TEST0413','TEST0413');


INSERT INTO INSRNCPLAN  (HIOSSTANDARDCMPTID,MARKETYEAR,ISSUERID,HIOSPRODUCTID,INSRNCPLANNM,INSRNCPLANUNIQUEPLANDESIGNIND,INSRNCPLANSTARTDATE,INSRNCPLANENDDATE,INSRNCPLANEXCHGMARKETTYPECD,INSRNCPLANBNFTMETLTIERTYPECD,INSRNCMARKETCOVERAGETYPECD,INSRNCPRODUCTDIVISIONTYPECD,CREATEDATETIME,LASTMODIFIEDDATETIME,CREATEBY,LASTMODIFIEDBY) VALUES 
('62848CA0010001','2015','62848','','Plan - 62848CA0010001','Y','01-JAN-2015','31-DEC-9999','1','4','1','1',CURRENT_TIMESTAMP,CURRENT_TIMESTAMP,'TEST0413','TEST0413');
INSERT INTO INSRNCPLANRATEAREA  (HIOSSTANDARDCMPTID,EXCHANGERATEAREAID,MARKETYEAR,CREATEDATETIME,LASTMODIFIEDDATETIME,CREATEBY,LASTMODIFIEDBY) VALUES 
('62848CA0010001','R-CA001','2015',CURRENT_TIMESTAMP,CURRENT_TIMESTAMP,'TEST0413','TEST0413');

INSERT INTO INSRNCPLANVARIANTCMPT  (HIOSSTANDARDCMPTID,INSRNCPLANVARIANTCMPTTYPECD,MARKETYEAR,INDIVIDUALMEDICALMOOPAMOUNT,FAMILYMEDICALMOOPAMOUNT,CREATEDATETIME,LASTMODIFIEDDATETIME,CREATEBY,LASTMODIFIEDBY) VALUES 
('62848CA0010001','03','2015',15000,20000,CURRENT_TIMESTAMP,CURRENT_TIMESTAMP,'TEST0413','TEST0413');


INSERT INTO INSRNCPLAN  (HIOSSTANDARDCMPTID,MARKETYEAR,ISSUERID,HIOSPRODUCTID,INSRNCPLANNM,INSRNCPLANUNIQUEPLANDESIGNIND,INSRNCPLANSTARTDATE,INSRNCPLANENDDATE,INSRNCPLANEXCHGMARKETTYPECD,INSRNCPLANBNFTMETLTIERTYPECD,INSRNCMARKETCOVERAGETYPECD,INSRNCPRODUCTDIVISIONTYPECD,CREATEDATETIME,LASTMODIFIEDDATETIME,CREATEBY,LASTMODIFIEDBY) VALUES 
('73372NC0010001','2015','73372','','Plan - 73372NC0010001','Y','01-JAN-2015','31-DEC-9999','1',null,'1','1',CURRENT_TIMESTAMP,CURRENT_TIMESTAMP,'TEST0413','TEST0413');
INSERT INTO INSRNCPLANRATEAREA  (HIOSSTANDARDCMPTID,EXCHANGERATEAREAID,MARKETYEAR,CREATEDATETIME,LASTMODIFIEDDATETIME,CREATEBY,LASTMODIFIEDBY) VALUES 
('73372NC0010001','R-NC001','2015',CURRENT_TIMESTAMP,CURRENT_TIMESTAMP,'TEST0413','TEST0413');

INSERT INTO INSRNCPLANVARIANTCMPT  (HIOSSTANDARDCMPTID,INSRNCPLANVARIANTCMPTTYPECD,MARKETYEAR,INDIVIDUALMEDICALMOOPAMOUNT,FAMILYMEDICALMOOPAMOUNT,CREATEDATETIME,LASTMODIFIEDDATETIME,CREATEBY,LASTMODIFIEDBY) VALUES 
('73372NC0010001','04','2015',15000,20000,CURRENT_TIMESTAMP,CURRENT_TIMESTAMP,'TEST0413','TEST0413');


INSERT INTO INSRNCPLAN  (HIOSSTANDARDCMPTID,MARKETYEAR,ISSUERID,HIOSPRODUCTID,INSRNCPLANNM,INSRNCPLANUNIQUEPLANDESIGNIND,INSRNCPLANSTARTDATE,INSRNCPLANENDDATE,INSRNCPLANEXCHGMARKETTYPECD,INSRNCPLANBNFTMETLTIERTYPECD,INSRNCMARKETCOVERAGETYPECD,INSRNCPRODUCTDIVISIONTYPECD,CREATEDATETIME,LASTMODIFIEDDATETIME,CREATEBY,LASTMODIFIEDBY) VALUES 
('75510MD0010001','2015','75510','','Plan - 75510MD0010001','Y','01-JAN-2015','31-DEC-9999','1',null,'1','1',CURRENT_TIMESTAMP,CURRENT_TIMESTAMP,'TEST0413','TEST0413');
INSERT INTO INSRNCPLANRATEAREA  (HIOSSTANDARDCMPTID,EXCHANGERATEAREAID,MARKETYEAR,CREATEDATETIME,LASTMODIFIEDDATETIME,CREATEBY,LASTMODIFIEDBY) VALUES 
('75510MD0010001','R-MD001','2015',CURRENT_TIMESTAMP,CURRENT_TIMESTAMP,'TEST0413','TEST0413');

INSERT INTO INSRNCPLANVARIANTCMPT  (HIOSSTANDARDCMPTID,INSRNCPLANVARIANTCMPTTYPECD,MARKETYEAR,INDIVIDUALMEDICALMOOPAMOUNT,FAMILYMEDICALMOOPAMOUNT,CREATEDATETIME,LASTMODIFIEDDATETIME,CREATEBY,LASTMODIFIEDBY) VALUES 
('75510MD0010001','05','2015',15000,20000,CURRENT_TIMESTAMP,CURRENT_TIMESTAMP,'TEST0413','TEST0413');


INSERT INTO INSRNCPLAN  (HIOSSTANDARDCMPTID,MARKETYEAR,ISSUERID,HIOSPRODUCTID,INSRNCPLANNM,INSRNCPLANUNIQUEPLANDESIGNIND,INSRNCPLANSTARTDATE,INSRNCPLANENDDATE,INSRNCPLANEXCHGMARKETTYPECD,INSRNCPLANBNFTMETLTIERTYPECD,INSRNCMARKETCOVERAGETYPECD,INSRNCPRODUCTDIVISIONTYPECD,CREATEDATETIME,LASTMODIFIEDDATETIME,CREATEBY,LASTMODIFIEDBY) VALUES 
('30419VT0010001','2015','30419','','Plan - 30419VT0010001','Y','01-JAN-2015','31-DEC-9999','1',null,'1','1',CURRENT_TIMESTAMP,CURRENT_TIMESTAMP,'TEST0413','TEST0413');
INSERT INTO INSRNCPLANRATEAREA  (HIOSSTANDARDCMPTID,EXCHANGERATEAREAID,MARKETYEAR,CREATEDATETIME,LASTMODIFIEDDATETIME,CREATEBY,LASTMODIFIEDBY) VALUES 
('30419VT0010001','R-VT001','2015',CURRENT_TIMESTAMP,CURRENT_TIMESTAMP,'TEST0413','TEST0413');

INSERT INTO INSRNCPLANVARIANTCMPT  (HIOSSTANDARDCMPTID,INSRNCPLANVARIANTCMPTTYPECD,MARKETYEAR,INDIVIDUALMEDICALMOOPAMOUNT,FAMILYMEDICALMOOPAMOUNT,CREATEDATETIME,LASTMODIFIEDDATETIME,CREATEBY,LASTMODIFIEDBY) VALUES 
('30419VT0010001','06','2015',15000,20000,CURRENT_TIMESTAMP,CURRENT_TIMESTAMP,'TEST0413','TEST0413');


INSERT INTO INSRNCPLAN  (HIOSSTANDARDCMPTID,MARKETYEAR,ISSUERID,HIOSPRODUCTID,INSRNCPLANNM,INSRNCPLANUNIQUEPLANDESIGNIND,INSRNCPLANSTARTDATE,INSRNCPLANENDDATE,INSRNCPLANEXCHGMARKETTYPECD,INSRNCPLANBNFTMETLTIERTYPECD,INSRNCMARKETCOVERAGETYPECD,INSRNCPRODUCTDIVISIONTYPECD,CREATEDATETIME,LASTMODIFIEDDATETIME,CREATEBY,LASTMODIFIEDBY) VALUES 
('33610HI0010001','2015','33610','','Plan - 33610HI0010001','Y','01-JAN-2015','31-DEC-9999','1',null,'1','1',CURRENT_TIMESTAMP,CURRENT_TIMESTAMP,'TEST0413','TEST0413');
INSERT INTO INSRNCPLANRATEAREA  (HIOSSTANDARDCMPTID,EXCHANGERATEAREAID,MARKETYEAR,CREATEDATETIME,LASTMODIFIEDDATETIME,CREATEBY,LASTMODIFIEDBY) VALUES 
('33610HI0010001','R-HI001','2015',CURRENT_TIMESTAMP,CURRENT_TIMESTAMP,'TEST0413','TEST0413');

INSERT INTO INSRNCPLANVARIANTCMPT  (HIOSSTANDARDCMPTID,INSRNCPLANVARIANTCMPTTYPECD,MARKETYEAR,INDIVIDUALMEDICALMOOPAMOUNT,FAMILYMEDICALMOOPAMOUNT,CREATEDATETIME,LASTMODIFIEDDATETIME,CREATEBY,LASTMODIFIEDBY) VALUES 
('33610HI0010001','01','2015',15000,20000,CURRENT_TIMESTAMP,CURRENT_TIMESTAMP,'TEST0413','TEST0413');


INSERT INTO INSRNCPLAN  (HIOSSTANDARDCMPTID,MARKETYEAR,ISSUERID,HIOSPRODUCTID,INSRNCPLANNM,INSRNCPLANUNIQUEPLANDESIGNIND,INSRNCPLANSTARTDATE,INSRNCPLANENDDATE,INSRNCPLANEXCHGMARKETTYPECD,INSRNCPLANBNFTMETLTIERTYPECD,INSRNCMARKETCOVERAGETYPECD,INSRNCPRODUCTDIVISIONTYPECD,CREATEDATETIME,LASTMODIFIEDDATETIME,CREATEBY,LASTMODIFIEDBY) VALUES 
('57940RI0010001','2015','57940','','Plan - 57940RI0010001','Y','01-JAN-2015','31-DEC-9999','1','1','1','1',CURRENT_TIMESTAMP,CURRENT_TIMESTAMP,'TEST0413','TEST0413');
INSERT INTO INSRNCPLANRATEAREA  (HIOSSTANDARDCMPTID,EXCHANGERATEAREAID,MARKETYEAR,CREATEDATETIME,LASTMODIFIEDDATETIME,CREATEBY,LASTMODIFIEDBY) VALUES 
('57940RI0010001','R-RI001','2015',CURRENT_TIMESTAMP,CURRENT_TIMESTAMP,'TEST0413','TEST0413');

INSERT INTO INSRNCPLANVARIANTCMPT  (HIOSSTANDARDCMPTID,INSRNCPLANVARIANTCMPTTYPECD,MARKETYEAR,INDIVIDUALMEDICALMOOPAMOUNT,FAMILYMEDICALMOOPAMOUNT,CREATEDATETIME,LASTMODIFIEDDATETIME,CREATEBY,LASTMODIFIEDBY) VALUES 
('57940RI0010001','02','2015',15000,20000,CURRENT_TIMESTAMP,CURRENT_TIMESTAMP,'TEST0413','TEST0413');


INSERT INTO INSRNCPLAN  (HIOSSTANDARDCMPTID,MARKETYEAR,ISSUERID,HIOSPRODUCTID,INSRNCPLANNM,INSRNCPLANUNIQUEPLANDESIGNIND,INSRNCPLANSTARTDATE,INSRNCPLANENDDATE,INSRNCPLANEXCHGMARKETTYPECD,INSRNCPLANBNFTMETLTIERTYPECD,INSRNCMARKETCOVERAGETYPECD,INSRNCPRODUCTDIVISIONTYPECD,CREATEDATETIME,LASTMODIFIEDDATETIME,CREATEBY,LASTMODIFIEDBY) VALUES 
('82242KS0010001','2015','82242','','Plan - 82242KS0010001','Y','01-JAN-2015','31-DEC-9999','1','2','1','1',CURRENT_TIMESTAMP,CURRENT_TIMESTAMP,'TEST0413','TEST0413');
INSERT INTO INSRNCPLANRATEAREA  (HIOSSTANDARDCMPTID,EXCHANGERATEAREAID,MARKETYEAR,CREATEDATETIME,LASTMODIFIEDDATETIME,CREATEBY,LASTMODIFIEDBY) VALUES 
('82242KS0010001','R-KS001','2015',CURRENT_TIMESTAMP,CURRENT_TIMESTAMP,'TEST0413','TEST0413');

INSERT INTO INSRNCPLANVARIANTCMPT  (HIOSSTANDARDCMPTID,INSRNCPLANVARIANTCMPTTYPECD,MARKETYEAR,INDIVIDUALMEDICALMOOPAMOUNT,FAMILYMEDICALMOOPAMOUNT,CREATEDATETIME,LASTMODIFIEDDATETIME,CREATEBY,LASTMODIFIEDBY) VALUES 
('82242KS0010001','03','2015',15000,20000,CURRENT_TIMESTAMP,CURRENT_TIMESTAMP,'TEST0413','TEST0413');


INSERT INTO INSRNCPLAN  (HIOSSTANDARDCMPTID,MARKETYEAR,ISSUERID,HIOSPRODUCTID,INSRNCPLANNM,INSRNCPLANUNIQUEPLANDESIGNIND,INSRNCPLANSTARTDATE,INSRNCPLANENDDATE,INSRNCPLANEXCHGMARKETTYPECD,INSRNCPLANBNFTMETLTIERTYPECD,INSRNCMARKETCOVERAGETYPECD,INSRNCPRODUCTDIVISIONTYPECD,CREATEDATETIME,LASTMODIFIEDDATETIME,CREATEBY,LASTMODIFIEDBY) VALUES 
('92461SC0010001','2015','92461','','Plan - 92461SC0010001','Y','01-JAN-2015','31-DEC-9999','1',null,'1','1',CURRENT_TIMESTAMP,CURRENT_TIMESTAMP,'TEST0413','TEST0413');
INSERT INTO INSRNCPLANRATEAREA  (HIOSSTANDARDCMPTID,EXCHANGERATEAREAID,MARKETYEAR,CREATEDATETIME,LASTMODIFIEDDATETIME,CREATEBY,LASTMODIFIEDBY) VALUES 
('92461SC0010001','R-SC001','2015',CURRENT_TIMESTAMP,CURRENT_TIMESTAMP,'TEST0413','TEST0413');

INSERT INTO INSRNCPLANVARIANTCMPT  (HIOSSTANDARDCMPTID,INSRNCPLANVARIANTCMPTTYPECD,MARKETYEAR,INDIVIDUALMEDICALMOOPAMOUNT,FAMILYMEDICALMOOPAMOUNT,CREATEDATETIME,LASTMODIFIEDDATETIME,CREATEBY,LASTMODIFIEDBY) VALUES 
('92461SC0010001','04','2015',15000,20000,CURRENT_TIMESTAMP,CURRENT_TIMESTAMP,'TEST0413','TEST0413');


INSERT INTO INSRNCPLAN  (HIOSSTANDARDCMPTID,MARKETYEAR,ISSUERID,HIOSPRODUCTID,INSRNCPLANNM,INSRNCPLANUNIQUEPLANDESIGNIND,INSRNCPLANSTARTDATE,INSRNCPLANENDDATE,INSRNCPLANEXCHGMARKETTYPECD,INSRNCPLANBNFTMETLTIERTYPECD,INSRNCMARKETCOVERAGETYPECD,INSRNCPRODUCTDIVISIONTYPECD,CREATEDATETIME,LASTMODIFIEDDATETIME,CREATEBY,LASTMODIFIEDBY) VALUES 
('17987RI0010001','2015','17987','','Plan - 17987RI0010001','Y','01-JAN-2015','31-DEC-9999','1',null,'1','1',CURRENT_TIMESTAMP,CURRENT_TIMESTAMP,'TEST0413','TEST0413');
INSERT INTO INSRNCPLANRATEAREA  (HIOSSTANDARDCMPTID,EXCHANGERATEAREAID,MARKETYEAR,CREATEDATETIME,LASTMODIFIEDDATETIME,CREATEBY,LASTMODIFIEDBY) VALUES 
('17987RI0010001','R-RI001','2015',CURRENT_TIMESTAMP,CURRENT_TIMESTAMP,'TEST0413','TEST0413');

INSERT INTO INSRNCPLANVARIANTCMPT  (HIOSSTANDARDCMPTID,INSRNCPLANVARIANTCMPTTYPECD,MARKETYEAR,INDIVIDUALMEDICALMOOPAMOUNT,FAMILYMEDICALMOOPAMOUNT,CREATEDATETIME,LASTMODIFIEDDATETIME,CREATEBY,LASTMODIFIEDBY) VALUES 
('17987RI0010001','05','2015',15000,20000,CURRENT_TIMESTAMP,CURRENT_TIMESTAMP,'TEST0413','TEST0413');


INSERT INTO INSRNCPLAN  (HIOSSTANDARDCMPTID,MARKETYEAR,ISSUERID,HIOSPRODUCTID,INSRNCPLANNM,INSRNCPLANUNIQUEPLANDESIGNIND,INSRNCPLANSTARTDATE,INSRNCPLANENDDATE,INSRNCPLANEXCHGMARKETTYPECD,INSRNCPLANBNFTMETLTIERTYPECD,INSRNCMARKETCOVERAGETYPECD,INSRNCPRODUCTDIVISIONTYPECD,CREATEDATETIME,LASTMODIFIEDDATETIME,CREATEBY,LASTMODIFIEDBY) VALUES 
('27418TN0010001','2015','27418','','Plan - 27418TN0010001','Y','01-JAN-2015','31-DEC-9999','1',null,'1','1',CURRENT_TIMESTAMP,CURRENT_TIMESTAMP,'TEST0413','TEST0413');
INSERT INTO INSRNCPLANRATEAREA  (HIOSSTANDARDCMPTID,EXCHANGERATEAREAID,MARKETYEAR,CREATEDATETIME,LASTMODIFIEDDATETIME,CREATEBY,LASTMODIFIEDBY) VALUES 
('27418TN0010001','R-TN001','2015',CURRENT_TIMESTAMP,CURRENT_TIMESTAMP,'TEST0413','TEST0413');

INSERT INTO INSRNCPLANVARIANTCMPT  (HIOSSTANDARDCMPTID,INSRNCPLANVARIANTCMPTTYPECD,MARKETYEAR,INDIVIDUALMEDICALMOOPAMOUNT,FAMILYMEDICALMOOPAMOUNT,CREATEDATETIME,LASTMODIFIEDDATETIME,CREATEBY,LASTMODIFIEDBY) VALUES 
('27418TN0010001','06','2015',15000,20000,CURRENT_TIMESTAMP,CURRENT_TIMESTAMP,'TEST0413','TEST0413');


INSERT INTO INSRNCPLAN  (HIOSSTANDARDCMPTID,MARKETYEAR,ISSUERID,HIOSPRODUCTID,INSRNCPLANNM,INSRNCPLANUNIQUEPLANDESIGNIND,INSRNCPLANSTARTDATE,INSRNCPLANENDDATE,INSRNCPLANEXCHGMARKETTYPECD,INSRNCPLANBNFTMETLTIERTYPECD,INSRNCMARKETCOVERAGETYPECD,INSRNCPRODUCTDIVISIONTYPECD,CREATEDATETIME,LASTMODIFIEDDATETIME,CREATEBY,LASTMODIFIEDBY) VALUES 
('36895WA0010001','2015','36895','','Plan - 36895WA0010001','Y','01-JAN-2015','31-DEC-9999','1',null,'1','1',CURRENT_TIMESTAMP,CURRENT_TIMESTAMP,'TEST0413','TEST0413');
INSERT INTO INSRNCPLANRATEAREA  (HIOSSTANDARDCMPTID,EXCHANGERATEAREAID,MARKETYEAR,CREATEDATETIME,LASTMODIFIEDDATETIME,CREATEBY,LASTMODIFIEDBY) VALUES 
('36895WA0010001','R-WA001','2015',CURRENT_TIMESTAMP,CURRENT_TIMESTAMP,'TEST0413','TEST0413');

INSERT INTO INSRNCPLANVARIANTCMPT  (HIOSSTANDARDCMPTID,INSRNCPLANVARIANTCMPTTYPECD,MARKETYEAR,INDIVIDUALMEDICALMOOPAMOUNT,FAMILYMEDICALMOOPAMOUNT,CREATEDATETIME,LASTMODIFIEDDATETIME,CREATEBY,LASTMODIFIEDBY) VALUES 
('36895WA0010001','01','2015',15000,20000,CURRENT_TIMESTAMP,CURRENT_TIMESTAMP,'TEST0413','TEST0413');


INSERT INTO INSRNCPLAN  (HIOSSTANDARDCMPTID,MARKETYEAR,ISSUERID,HIOSPRODUCTID,INSRNCPLANNM,INSRNCPLANUNIQUEPLANDESIGNIND,INSRNCPLANSTARTDATE,INSRNCPLANENDDATE,INSRNCPLANEXCHGMARKETTYPECD,INSRNCPLANBNFTMETLTIERTYPECD,INSRNCMARKETCOVERAGETYPECD,INSRNCPRODUCTDIVISIONTYPECD,CREATEDATETIME,LASTMODIFIEDDATETIME,CREATEBY,LASTMODIFIEDBY) VALUES 
('47675WY0010001','2015','47675','','Plan - 47675WY0010001','Y','01-JAN-2015','31-DEC-9999','1','3','1','1',CURRENT_TIMESTAMP,CURRENT_TIMESTAMP,'TEST0413','TEST0413');
INSERT INTO INSRNCPLANRATEAREA  (HIOSSTANDARDCMPTID,EXCHANGERATEAREAID,MARKETYEAR,CREATEDATETIME,LASTMODIFIEDDATETIME,CREATEBY,LASTMODIFIEDBY) VALUES 
('47675WY0010001','R-WY001','2015',CURRENT_TIMESTAMP,CURRENT_TIMESTAMP,'TEST0413','TEST0413');

INSERT INTO INSRNCPLANVARIANTCMPT  (HIOSSTANDARDCMPTID,INSRNCPLANVARIANTCMPTTYPECD,MARKETYEAR,INDIVIDUALMEDICALMOOPAMOUNT,FAMILYMEDICALMOOPAMOUNT,CREATEDATETIME,LASTMODIFIEDDATETIME,CREATEBY,LASTMODIFIEDBY) VALUES 
('47675WY0010001','02','2015',15000,20000,CURRENT_TIMESTAMP,CURRENT_TIMESTAMP,'TEST0413','TEST0413');


INSERT INTO INSRNCPLAN  (HIOSSTANDARDCMPTID,MARKETYEAR,ISSUERID,HIOSPRODUCTID,INSRNCPLANNM,INSRNCPLANUNIQUEPLANDESIGNIND,INSRNCPLANSTARTDATE,INSRNCPLANENDDATE,INSRNCPLANEXCHGMARKETTYPECD,INSRNCPLANBNFTMETLTIERTYPECD,INSRNCMARKETCOVERAGETYPECD,INSRNCPRODUCTDIVISIONTYPECD,CREATEDATETIME,LASTMODIFIEDDATETIME,CREATEBY,LASTMODIFIEDBY) VALUES 
('92370VA0010001','2015','92370','','Plan - 92370VA0010001','Y','01-JAN-2015','31-DEC-9999','1','4','1','1',CURRENT_TIMESTAMP,CURRENT_TIMESTAMP,'TEST0413','TEST0413');
INSERT INTO INSRNCPLANRATEAREA  (HIOSSTANDARDCMPTID,EXCHANGERATEAREAID,MARKETYEAR,CREATEDATETIME,LASTMODIFIEDDATETIME,CREATEBY,LASTMODIFIEDBY) VALUES 
('92370VA0010001','R-VA001','2015',CURRENT_TIMESTAMP,CURRENT_TIMESTAMP,'TEST0413','TEST0413');

INSERT INTO INSRNCPLANVARIANTCMPT  (HIOSSTANDARDCMPTID,INSRNCPLANVARIANTCMPTTYPECD,MARKETYEAR,INDIVIDUALMEDICALMOOPAMOUNT,FAMILYMEDICALMOOPAMOUNT,CREATEDATETIME,LASTMODIFIEDDATETIME,CREATEBY,LASTMODIFIEDBY) VALUES 
('92370VA0010001','03','2015',15000,20000,CURRENT_TIMESTAMP,CURRENT_TIMESTAMP,'TEST0413','TEST0413');


select count(*) from INSRNCPLAN;
select count(*) from INSRNCPLANVARIANTCMPT;
select count(*) from INSRNCPLANRATEAREA;
-- 45 new records.

commit;
set echo off;
spool off
